c105f9,192.168.10.1,GET,http://yfr.app/async/dashboardnews,1426981694,bb0b22
df9368,192.168.10.1,GET,http://yfr.app/async/latestactivity,1426981694,bb0b22
bb0b22,192.168.10.1,GET,http://yfr.app/bolt/,1426981694,
d80402,192.168.10.1,GET,http://yfr.app/async/lastmodified/pages,1426981741,54cf66
54cf66,192.168.10.1,GET,http://yfr.app/bolt/overview/pages,1426981741,
7eeb73,192.168.10.1,GET,http://yfr.app/bolt/extend/,1426981959,
11e22d,192.168.10.1,GET,http://yfr.app/bolt/extend/installed,1426981962,
0172cb,192.168.10.1,GET,http://yfr.app/bolt/extend/installInfo?package=xiaohutai%2Fbolt-theme-html5up-twenty,1426982292,
c6e409,192.168.10.1,GET,http://yfr.app/bolt/extend/install?package=xiaohutai%2Fbolt-theme-html5up-twenty&version=0.2,1426982307,
b648ac,192.168.10.1,GET,http://yfr.app/bolt/extend/installed,1426982310,
d648da,192.168.10.1,GET,http://yfr.app/bolt/extend/packageInfo?package=xiaohutai%2Fbolt-theme-html5up-twenty&version=0.2,1426982311,
659723,192.168.10.1,GET,http://yfr.app/bolt/extend/generateTheme?name=&theme=,1426982616,
61fbe9,192.168.10.1,GET,http://yfr.app/async/readme/gregbiv/bolt-extension-revolution-slider/README.md,1426982628,
0ab144,192.168.10.1,GET,http://yfr.app/,1426983785,
cb61ae,192.168.10.1,GET,http://yfr.app/entry/2,1426988101,
29d8cb,192.168.10.1,GET,http://yfr.app/,1426988118,
cf369c,192.168.10.1,GET,http://yfr.app/async/readme/gregbiv/bolt-extension-revolution-slider/README.md,1426988154,
ba158f,192.168.10.1,GET,http://yfr.app/bolt/file/edit/config/extensions/bolt-extension-revolution-slider.gregbiv.yml,1426988272,
34e6ee,192.168.10.1,GET,http://yfr.app/,1426988407,
b03cb3,192.168.10.1,GET,http://yfr.app/,1426988421,
5575dd,192.168.10.1,GET,http://yfr.app/,1426990138,
afdee9,192.168.10.1,GET,http://yfr.app/,1426990192,
23d89e,192.168.10.1,GET,http://yfr.app/2,1426990288,
631a7c,192.168.10.1,GET,http://yfr.app/async/dashboardnews,1426990301,591862
49530e,192.168.10.1,GET,http://yfr.app/async/latestactivity,1426990301,591862
591862,192.168.10.1,GET,http://yfr.app/bolt/,1426990301,
38ed44,192.168.10.1,GET,http://yfr.app/bolt/extend/,1426990337,
6f9d45,192.168.10.1,GET,http://yfr.app/bolt/extend/installed,1426990339,
478f93,192.168.10.1,GET,http://yfr.app/bolt/extend/uninstall?package=dsduit%2Fhelios-html5up,1426990346,
0b9983,192.168.10.1,GET,http://yfr.app/bolt/extend/installed,1426990349,
7d62b6,192.168.10.1,GET,http://yfr.app/async/dashboardnews,1426991933,64bcdf
809446,192.168.10.1,GET,http://yfr.app/async/latestactivity,1426991933,64bcdf
64bcdf,192.168.10.1,GET,http://yfr.app/bolt/,1426991933,
0836f9,192.168.10.1,GET,http://yfr.app/bolt/prefill?force=1,1426991959,
92fdc1,192.168.10.1,GET,http://yfr.app/bolt/prefill,1426991962,
1a1ecd,192.168.10.1,GET,http://yfr.app/,1426991971,
2979d3,192.168.10.1,GET,http://yfr.app/2,1426991990,
f99068,192.168.10.1,GET,http://yfr.app/pages,1426991996,
ae1e88,192.168.10.1,GET,http://yfr.app/page/2,1426992011,
4cbf83,192.168.10.1,GET,http://yfr.app/,1426992082,
fabda3,192.168.10.1,GET,http://yfr.app/async/lastmodified/pages,1426992324,e5613e
e5613e,192.168.10.1,GET,http://yfr.app/bolt/overview/pages,1426992324,
10f805,192.168.10.1,GET,http://yfr.app/thumbs/80x60c/configure-disc-jockey-disco-1504.jpg,1426992326,
574c45,192.168.10.1,GET,http://yfr.app/thumbs/80x60c/architecture-books-building-2757.jpg,1426992326,
798f32,192.168.10.1,GET,http://yfr.app/thumbs/80x60c/keyboard-old-technology-2318.jpg,1426992326,
e46dff,192.168.10.1,GET,http://yfr.app/thumbs/80x60c/california-foggy-golden-gate-bridge-2771.jpg,1426992326,
11a08a,192.168.10.1,GET,http://yfr.app/async/lastmodified/pages,1426992340,eadf6a
6454a5,192.168.10.1,GET,http://yfr.app/async/showstack?items=10,1426992340,eadf6a
eadf6a,192.168.10.1,GET,http://yfr.app/bolt/editcontent/pages/1,1426992340,
058a24,192.168.10.1,GET,http://yfr.app/thumbs/200x150c/keyboard-old-technology-2318.jpg,1426992342,
36e9ae,192.168.10.1,POST,http://yfr.app/bolt/editcontent/pages/1?returnto=ajax,1426992431,
0b75f7,192.168.10.1,GET,http://yfr.app/,1426992433,
394e37,192.168.10.1,GET,http://yfr.app/async/lastmodified/pages,1426992588,3f78ed
3f78ed,192.168.10.1,GET,http://yfr.app/bolt/overview/pages,1426992588,
7f1089,192.168.10.1,GET,http://yfr.app/thumbs/80x60c/architecture-books-building-2757.jpg,1426992590,
962cbb,192.168.10.1,GET,http://yfr.app/thumbs/80x60c/keyboard-old-technology-2318.jpg,1426992590,
dd7362,192.168.10.1,GET,http://yfr.app/thumbs/80x60c/configure-disc-jockey-disco-1504.jpg,1426992591,
06eaef,192.168.10.1,GET,http://yfr.app/thumbs/80x60c/california-foggy-golden-gate-bridge-2771.jpg,1426992591,
7d64f2,192.168.10.1,GET,http://yfr.app/async/lastmodified/pages,1426992603,e57fac
716624,192.168.10.1,GET,http://yfr.app/async/showstack?items=10,1426992603,e57fac
e57fac,192.168.10.1,GET,http://yfr.app/bolt/editcontent/pages/4,1426992603,
395afa,192.168.10.1,GET,http://yfr.app/thumbs/200x150c/configure-disc-jockey-disco-1504.jpg,1426992604,
509361,192.168.10.1,GET,http://yfr.app/async/makeuri?contenttypeslug=pages&fulluri=false&id=4&slugfield=slug&title=contact,1426992618,
bcaf39,192.168.10.1,POST,http://yfr.app/bolt/editcontent/pages/4?returnto=ajax,1426992628,
65c6a9,192.168.10.1,POST,http://yfr.app/preview/page,1426992629,
c4adfb,192.168.10.1,POST,http://yfr.app/bolt/editcontent/pages/4?returnto=ajax,1426992654,
26a93c,192.168.10.1,GET,http://yfr.app/,1426992671,
fce065,192.168.10.1,GET,http://yfr.app/page/contact,1426992674,
41cc5a,192.168.10.1,GET,http://yfr.app/,1426992683,
97dd7c,192.168.10.1,GET,http://yfr.app/page/contact,1426992765,
b54fe9,192.168.10.1,GET,http://yfr.app/page/contact,1426992835,
6cbded,192.168.10.1,GET,http://yfr.app/page/contact,1426992952,
a05b39,192.168.10.1,GET,http://yfr.app/page/contact,1426992972,
210ab8,192.168.10.1,GET,http://yfr.app/page/contact,1426993030,
fe6f61,192.168.10.1,GET,http://yfr.app/async/lastmodified/pages,1426993071,9eedbf
7f340a,192.168.10.1,GET,http://yfr.app/async/showstack?items=10,1426993071,9eedbf
9eedbf,192.168.10.1,GET,http://yfr.app/bolt/editcontent/pages/1,1426993071,
15eb78,192.168.10.1,GET,http://yfr.app/thumbs/200x150c/keyboard-old-technology-2318.jpg,1426993073,
74ca11,192.168.10.1,POST,http://yfr.app/preview/page,1426993082,
f7c674,192.168.10.1,POST,http://yfr.app/preview/page,1426993090,
c9248b,192.168.10.1,GET,http://yfr.app/,1426993250,
629f28,192.168.10.1,GET,http://yfr.app/,1426993275,
d7bdea,192.168.10.1,GET,http://yfr.app/page/contact,1426993334,
7426dd,192.168.10.1,GET,http://yfr.app/,1426993340,
4a5c2c,192.168.10.1,GET,http://yfr.app/page/quae-duo-sunt-unum-facit,1426993357,
a8ec57,192.168.10.1,GET,http://yfr.app/,1426993365,
6c7e23,192.168.10.1,POST,http://yfr.app/preview/page,1426993424,
e67ac1,192.168.10.1,POST,http://yfr.app/preview/page,1426993442,
6c2495,192.168.10.1,POST,http://yfr.app/preview/page,1426993459,
e9e968,192.168.10.1,GET,http://yfr.app/page/sed-haec-omittamus,1426993469,
0126de,192.168.10.1,POST,http://yfr.app/preview/page,1426993480,
8270ca,192.168.10.1,POST,http://yfr.app/preview/page,1426993494,
f05ffc,192.168.10.1,POST,http://yfr.app/bolt/editcontent/pages/1?returnto=ajax,1426993504,
de3ad2,192.168.10.1,GET,http://yfr.app/bolt/files/theme,1426993560,
1cdb75,192.168.10.1,GET,http://yfr.app/bolt/files/theme/xiaohutai,1426993565,
89783f,192.168.10.1,GET,http://yfr.app/bolt/files/theme/xiaohutai/bolt-theme-html5up-twenty,1426993569,
ec4d2f,192.168.10.1,GET,http://yfr.app/thumbs/54x40c/xiaohutai/bolt-theme-html5up-twenty/preview.png,1426993570,
